tree,view,preset,normalize,identity,baseline_shown_on_preset,new_shown_on_preset,baseline_rank,new_rank,baseline_perfect_count,new_perfect_count,perfect_count_change,baseline_denominator,new_denominator,denominator_change,baseline_perfect_percentage,new_perfect_percentage,percentage_point_change,baseline_measured_count,new_measured_count,baseline_mean,new_mean,baseline_median,new_median,baseline_functions,new_functions,baseline_binaries,new_binaries
sample,site,unoptimized,0,codex@gpt-6-astra,False,False,,,74,73,-1,100,100,0,74.0,73.0,-1.0,100,100,4.82,4.94,0.0,0.0,100,100,73,73
sample,site,unoptimized,1,codex@gpt-6-astra,False,False,,,74,73,-1,100,100,0,74.0,73.0,-1.0,100,100,4.82,4.94,0.0,0.0,100,100,73,73
sample,site,optimized,0,codex@gpt-6-astra,True,True,1,1,32,32,0,97,97,0,32.98969072164948,32.98969072164948,0.0,97,97,18.68041237113402,18.88659793814433,6.0,6.0,100,100,100,100
sample,site,optimized,1,codex@gpt-6-astra,True,True,1,1,32,32,0,97,97,0,32.98969072164948,32.98969072164948,0.0,97,97,18.68041237113402,18.88659793814433,6.0,6.0,100,100,100,100
sample,site,inlined,0,codex@gpt-6-astra,False,False,,,27,27,0,48,48,0,56.25,56.25,0.0,48,48,23.291666666666668,23.291666666666668,0.0,0.0,50,50,50,50
sample,site,inlined,1,codex@gpt-6-astra,False,False,,,27,27,0,48,48,0,56.25,56.25,0.0,48,48,23.291666666666668,23.291666666666668,0.0,0.0,50,50,50,50
sample,site,large,0,codex@gpt-6-astra,False,False,,,1,1,0,25,25,0,4.0,4.0,0.0,25,25,42.64,42.64,30.0,30.0,25,25,25,25
sample,site,large,1,codex@gpt-6-astra,False,False,,,1,1,0,25,25,0,4.0,4.0,0.0,25,25,42.64,42.64,30.0,30.0,25,25,25,25
sample,site,sample-set,0,codex@gpt-6-astra,False,False,,,133,132,-1,245,245,0,54.285714285714285,53.87755102040816,-0.408163265306122,245,245,13.926530612244898,14.057142857142857,0.0,0.0,250,250,223,223
sample,site,sample-set,1,codex@gpt-6-astra,False,False,,,133,132,-1,245,245,0,54.285714285714285,53.87755102040816,-0.408163265306122,245,245,13.926530612244898,14.057142857142857,0.0,0.0,250,250,223,223
